map,tier,year,completions,hours played,completions per hours played,,notes
surf_leet_xl_beta7z,1,2012,24104,4033,5.977,,last updated: 2026.01.20
surf_santorini_ksf,1,2024,9398,1589,5.916,,
surf_garden,1,2019,12577,2214,5.681,,a very simple but naive difficulty metric. issues:
surf_aircontrol_ksf,1,2012,27399,5238,5.231,,  doesn't account for how many players were in the server each hour played  
surf_andromeda,1,2018,17125,3389,5.052,,  recently released maps (<1-2years) are skewed heavily
surf_sofia_fix,1,2025,3907,797,4.903,,  probably more
surf_race_final,1,2024,10222,2091,4.89,,  .. but it seems to work better than just going off raw completions
surf_rebel_scaz_ksf,1,2022,8263,1731,4.775,,
surf_listless_ksf,1,2022,8842,1908,4.635,,
surf_deathstar,1,2021,9496,2063,4.604,,
surf_n_turf,1,2024,5951,1294,4.598,,
surf_rebel_resistance_final3,1,2012,14559,3231,4.506,,
surf_demise,1,2023,13601,3029,4.491,,
surf_mesa_fixed,1,2014,30682,6851,4.479,,
surf_void,1,2022,7812,1747,4.473,,
surf_minuet_ksf,1,2022,7223,1615,4.472,,
surf_artois,1,2023,7747,1734,4.467,,
surf_water_run_ksf,1,2020,10031,2294,4.374,,
surf_nuclear,1,2022,10870,2533,4.291,,
surf_botanica,1,2023,9338,2197,4.251,,
surf_derpis_ksf,1,2013,14310,3374,4.241,,
surf_pantheon,1,2019,16716,3976,4.205,,
surf_anzchamps,2,2021,13889,3332,4.168,,
surf_kitsune,1,2015,15710,3859,4.071,,
surf_beginner,1,2012,19627,4831,4.063,,
surf_lovetunnel,1,2020,12515,3091,4.049,,
surf_akai_final,1,2012,12177,3022,4.029,,
surf_fortum_fix,2,2018,9969,2505,3.979,,
surf_crzyfrog_reloaded,2,2012,12201,3100,3.935,,
surf_utopia_njv,1,2012,21075,5361,3.931,,
surf_calycate_ksf,1,2022,6046,1558,3.881,,
surf_summit,1,2018,19726,5163,3.82,,
surf_citypop,1,2025,4473,1176,3.803,,
surf_tendies,1,2020,17570,4656,3.774,,
surf_aura,1,2022,11300,2997,3.771,,
surf_prime_time_r3vamp,1,2013,11459,3052,3.754,,
surf_lux,1,2018,9846,2627,3.748,,
surf_reprise,2,2015,13629,3690,3.693,,
surf_beginner2,2,2020,9669,2621,3.689,,
surf_boreas,1,2020,23139,6339,3.65,,
surf_egypt2,1,2019,9005,2476,3.637,,
surf_ravine,2,2020,8176,2324,3.519,,
surf_borderlands,1,2016,12721,3634,3.5,,
surf_year3000,1,2012,11391,3258,3.497,,
surf_beyond,1,2020,9221,2735,3.372,,
surf_satellite_fix,1,2021,5640,1678,3.36,,
surf_hourglass,1,2020,8878,2649,3.351,,
surf_rez,2,2017,9463,2845,3.326,,
surf_whiteout,1,2019,12842,3867,3.321,,
surf_delusional,2,2012,10100,3044,3.318,,
surf_trance,1,2023,5014,1517,3.304,,
surf_chaos_fix,1,2012,8973,2727,3.29,,
surf_ace,1,2015,16498,5052,3.266,,
surf_calycate2,1,2018,8208,2583,3.178,,
surf_quirky,2,2023,5441,1719,3.165,,
surf_zae,1,2026,322,102,3.163,,
surf_beyond2,1,2023,5552,1756,3.162,,
surf_aser,1,2019,8225,2606,3.156,,
surf_benevolent_refix,1,2017,10908,3463,3.15,,
surf_calzone,2,2019,9258,2964,3.123,,
surf_network2008_final,1,2012,7720,2487,3.104,,
surf_orthodox,2,2020,9887,3197,3.093,,
surf_sedona,2,2025,1023,332,3.079,,
surf_me,1,2016,15536,5050,3.076,,
surf_lessons,1,2012,10546,3430,3.075,,
surf_rookie,2,2014,12711,4139,3.071,,
surf_nyx,1,2019,10237,3372,3.036,,
surf_kepler,1,2022,8600,2845,3.022,,
surf_indecisive,2,2023,5079,1689,3.006,,
surf_4am,1,2025,4143,1437,2.884,,
surf_syria,2,2012,9459,3297,2.869,,
surf_illusion,2,2020,8155,2845,2.867,,
surf_8bit,2,2020,7002,2453,2.854,,
surf_simpsons_source,2,2013,9324,3313,2.814,,
surf_summer_ksf,2,2019,9109,3251,2.802,,
surf_mom_fix,1,2016,8653,3117,2.776,,
surf_anoobis,2,2022,7017,2531,2.773,,
surf_kloakk,2,2020,9328,3378,2.761,,
surf_arcade,2,2020,7071,2570,2.752,,
surf_sodacity,1,2025,3130,1159,2.699,,
surf_the_gloaming,2,2012,7767,2899,2.68,,
surf_holiday,2,2020,5874,2195,2.677,,
surf_sundown,1,2012,7516,2818,2.667,,
surf_forbidden_ways_ksf,2,2012,8857,3323,2.665,,
surf_boring,2,2012,8291,3130,2.649,,
surf_echo,2,2022,4996,1889,2.645,,
surf_greek_ksf,2,2024,3337,1268,2.632,,
surf_salvador_ksf,2,2024,2639,1004,2.628,,
surf_premium,2,2020,6914,2633,2.626,,
surf_ethereal,2,2016,8186,3121,2.623,,
surf_pox,1,2012,9279,3592,2.583,,
surf_gleam2,2,2019,6207,2428,2.556,,
surf_frost,1,2018,9432,3701,2.548,,
surf_perennial,2,2021,4638,1825,2.542,,
surf_1998,1,2025,1940,764,2.539,,
surf_autumn_fix,2,2023,3747,1479,2.534,,
surf_progress_fix,2,2019,6290,2496,2.52,,
surf_lullaby_ksf,2,2013,6508,2591,2.511,,
surf_aquaflow,2,2020,7560,3031,2.494,,
surf_in_space,2,2020,6232,2502,2.49,,
surf_frey_remake,2,2023,3630,1458,2.489,,
surf_school_fix,1,2018,7400,2982,2.482,,
surf_lore,2,2012,8110,3286,2.468,,
surf_presmon_fix,2,2012,6762,2744,2.464,,
surf_leidenfrost,2,2024,2486,1010,2.461,,
surf_spacejam,2,2015,8307,3379,2.459,,
surf_suburbia,2,2025,873,357,2.448,,
surf_enlightened_ksf,1,2021,6111,2505,2.439,,
surf_2pacisalive,2,2024,2454,1008,2.434,,
surf_grassland,2,2012,7572,3123,2.425,,
surf_stonks,2,2021,5501,2290,2.402,,
surf_ny_platinum,2,2012,6386,2669,2.393,,
surf_eclipse,2,2012,7354,3077,2.39,,
surf_destruction,2,2022,4400,1843,2.387,,
surf_forgotten,1,2017,8041,3437,2.339,,
surf_rocco_v2,2,2018,5678,2457,2.311,,
surf_lockdown,2,2021,4361,1890,2.307,,
surf_prelude_fix,1,2013,6848,2971,2.305,,
surf_awp_sk337_v3,1,2012,6469,2807,2.305,,
surf_nova,2,2021,6190,2717,2.278,,
surf_cyberwave,2,2019,9536,4221,2.259,,
surf_zor,2,2018,6456,2879,2.242,,
surf_funhouse_v1,1,2012,5670,2553,2.221,,
surf_whatever,2,2025,1710,772,2.216,,
surf_legends,1,2012,7380,3365,2.193,,
surf_and_destroy_fix,2,2013,5704,2615,2.181,,
surf_not_so_sinister_ksf,2,2022,3577,1645,2.174,,
surf_apollo,1,2022,6041,2790,2.166,,
surf_flow_ksf,1,2018,6476,2992,2.165,,
surf_believe,2,2018,5696,2638,2.159,,
surf_gleam,2,2017,5652,2644,2.138,,
surf_korn,2,2020,5267,2467,2.135,,
surf_sunnyhappylove,2,2014,6618,3131,2.114,,
surf_imex,2,2012,5898,2805,2.103,,
surf_palm,2,2018,6361,3027,2.102,,
surf_lament_ksf,1,2022,3360,1599,2.101,,
surf_network_2009,2,2012,5228,2507,2.086,,
surf_interference,2,2019,5559,2711,2.05,,
surf_aether,2,2017,5268,2575,2.046,,
surf_smart,2,2024,1687,828,2.038,,
surf_waterworks,2,2012,6461,3197,2.021,,
surf_heaven_njv,2,2012,5990,2968,2.018,,
surf_abandoned,2,2023,2595,1305,1.988,,
surf_beverages_remix,2,2018,5723,2902,1.972,,
surf_island,2,2014,5620,2865,1.962,,
surf_gradient,1,2025,2278,1168,1.951,,
surf_zealand,2,2017,5297,2718,1.949,,
surf_kz_protraining,2,2013,6460,3332,1.939,,
surf_shy,2,2025,1578,819,1.928,,
surf_zoomathon,1,2020,4284,2255,1.9,,
surf_psycho,2,2012,5206,2751,1.892,,
surf_exocube,2,2012,6333,3348,1.891,,
surf_olympics,3,2012,5627,2990,1.882,,
surf_interstellar,2,2024,1511,808,1.871,,
surf_mesa_mine,2,2014,5916,3173,1.865,,
surf_vegetables,3,2012,6250,3394,1.841,,
surf_guitar_hi,2,2017,6137,3348,1.833,,
surf_sanctuary,2,2020,5715,3129,1.827,,
surf_hurrr,2,2012,4502,2470,1.823,,
surf_flyin_fortress_fix,2,2012,4625,2567,1.801,,
surf_fruits,3,2012,7029,3917,1.795,,
surf_deadline,2,2021,4149,2317,1.79,,
surf_agony,2,2022,4606,2580,1.785,,
surf_fornax,1,2019,11396,6403,1.78,,
surf_happyhands,2,2012,5742,3279,1.751,,
surf_ing,2,2012,6624,3815,1.736,,
surf_mate,2,2021,3695,2131,1.734,,
surf_tuscany,2,2021,4041,2333,1.732,,
surf_sandtrap2,2,2018,8475,5034,1.684,,
surf_wood,2,2012,4902,2935,1.67,,
surf_duggywuggy,2,2016,4487,2691,1.668,,
surf_zbig_ksf,2,2017,4633,2786,1.663,,
surf_jenocide,3,2012,4209,2549,1.651,,
surf_elements_beta3,2,2012,4816,2927,1.645,,
surf_boogie_woogie,2,2024,2314,1408,1.643,,
surf_dragon,2,2017,4530,2781,1.629,,
surf_slob,2,2020,3615,2230,1.621,,
surf_hotwheels_fix,2,2019,4774,2968,1.609,,
surf_classics,2,2012,5835,3637,1.604,,
surf_tensile_njv,2,2012,4536,2852,1.591,,
surf_acp_fix,3,2012,5054,3181,1.589,,
surf_ny_superhappiest_b3,2,2012,3955,2507,1.578,,
surf_harmony_fix,2,2021,3614,2321,1.557,,
surf_healthy,3,2012,4379,2812,1.557,,
surf_ardon_fix,2,2019,4315,2802,1.54,,
surf_centipedes,3,2026,486,316,1.538,,
surf_81st_network,2,2012,4087,2658,1.538,,
surf_domain,2,2019,3430,2234,1.535,,
surf_greensway,2,2020,3429,2258,1.519,,
surf_carbon,3,2025,399,263,1.518,,
surf_exurbia_v2,2,2015,3736,2467,1.515,,
surf_ivory,2,2018,4974,3289,1.512,,
surf_fuchnut,2,2025,988,655,1.509,,
surf_zenith,2,2022,3096,2074,1.493,,
surf_spooky,2,2023,2143,1447,1.481,,
surf_dusk,3,2012,3306,2241,1.475,,
surf_glass7_ksf,2,2019,3141,2135,1.471,,
surf_verge,2,2022,3106,2122,1.464,,
surf_noble,2,2016,4137,2826,1.464,,
surf_activation,2,2022,3206,2217,1.446,,
surf_sandtrap,2,2017,5766,3991,1.445,,
surf_inspire,2,2014,4301,3003,1.432,,
surf_ember,3,2012,4127,2905,1.421,,
surf_glass9,2,2020,2681,1900,1.411,,
surf_mellow,2,2014,3769,2696,1.398,,
surf_palais,2,2020,3304,2379,1.389,,
surf_oasis,3,2015,4349,3130,1.389,,
surf_tranquil,2,2020,2878,2076,1.387,,
surf_amplitude_light,2,2012,3823,2767,1.382,,
surf_annoyance_njv,2,2012,3616,2636,1.372,,
surf_tomb_redone,2,2012,3246,2403,1.351,,
surf_liberation2,3,2012,3730,2769,1.347,,
surf_omnibus,3,2012,3523,2672,1.318,,
surf_amplitude_apex,3,2012,3398,2578,1.318,,
surf_commune_beta11,2,2013,3656,2803,1.304,,
surf_compulsive_njv,3,2012,3412,2633,1.296,,
surf_halloween_tf2,2,2014,3653,2830,1.291,,
surf_ripper,3,2012,3311,2566,1.29,,
surf_rapid,3,2012,3239,2514,1.288,,
surf_devs_ksf,2,2022,2116,1648,1.284,,
surf_krow10,3,2012,3228,2514,1.284,,
surf_canisius2_fix,3,2012,3213,2511,1.28,,
surf_nebula,2,2018,3696,2901,1.274,,
surf_canisius,3,2012,3352,2631,1.274,,
surf_pipeline,2,2025,1062,836,1.27,,
surf_amplitude_encore,2,2012,3375,2660,1.269,,
surf_delight,2,2018,3362,2650,1.268,,
surf_ny_momentum_v3_1,2,2012,3113,2457,1.267,,
surf_bbb,3,2012,3032,2396,1.266,,
surf_sanding_ksf,3,2012,3155,2493,1.266,,
surf_lies_ksf,2,2013,3782,2995,1.263,,
surf_seaworld_fix,2,2012,3313,2636,1.257,,
surf_2012_beta12,3,2012,3490,2793,1.25,,
surf_004_fix,2,2012,3867,3093,1.25,,
surf_bob,3,2012,3369,2715,1.241,,
surf_purgatory,3,2012,3033,2447,1.24,,
surf_saturday,2,2018,4851,3967,1.223,,
surf_elites_v2,2,2012,3300,2718,1.214,,
surf_globalchaos,3,2012,2916,2406,1.212,,
surf_kz_mix_journeys,2,2012,3435,2844,1.208,,
surf_refraxis,4,2012,3260,2741,1.189,,
surf_juturna,2,2016,3225,2722,1.185,,
surf_voteforthisone,3,2014,3331,2811,1.185,,
surf_liberation,3,2012,3365,2878,1.169,,
surf_bluewall_v2,2,2019,2923,2511,1.164,,
surf_extremex,3,2012,2846,2452,1.161,,
surf_epicube,2,2018,2833,2460,1.152,,
surf_squirrelsonvacation,2,2020,2954,2567,1.151,,
surf_smile_njv,3,2012,2841,2471,1.15,,
surf_meme,3,2016,3449,3006,1.147,,
surf_wasteland2,3,2022,2165,1892,1.144,,
surf_dynasty,3,2012,3010,2637,1.142,,
surf_smaragd_fix,3,2012,2754,2416,1.14,,
surf_aqua_fix,2,2018,2797,2471,1.132,,
surf_razer_final,3,2012,2381,2150,1.107,,
surf_1day,3,2012,3481,3160,1.102,,
surf_mynah_final,3,2012,2393,2185,1.095,,
surf_exxak,3,2012,2434,2232,1.091,,
surf_portal_game4,3,2012,2684,2465,1.089,,
surf_spectrum_njv,3,2012,2484,2293,1.083,,
surf_klue,2,2019,2501,2356,1.062,,
surf_thembrium_njv,3,2012,2562,2432,1.053,,
surf_concept,3,2012,2564,2439,1.051,,
surf_porn_fix,3,2012,2740,2617,1.047,,
surf_semesterbreak,2,2017,2402,2299,1.045,,
surf_cartoon,3,2017,2657,2562,1.037,,
surf_everdark,2,2023,1263,1220,1.036,,
surf_imagine_fix,3,2012,2556,2484,1.029,,
surf_vale,3,2016,2492,2432,1.025,,
surf_pathfinder,2,2016,2515,2477,1.016,,
surf_eggplant,2,2019,2580,2555,1.01,,
surf_skipalot,2,2019,3237,3210,1.008,,
surf_4head,2,2016,3445,3419,1.008,,
surf_abstinens,3,2015,2472,2495,0.991,,
surf_cookiejar,3,2012,2446,2472,0.99,,
surf_adtr_njv,3,2012,2385,2421,0.985,,
surf_injection_njv,4,2012,2456,2507,0.98,,
surf_cyka_ksf,3,2015,2460,2513,0.979,,
surf_oompa_loompa,3,2012,2189,2254,0.971,,
surf_epic,3,2012,2405,2476,0.971,,
surf_plaguelands_beta7a,3,2012,2423,2515,0.963,,
surf_doodles_njv,2,2017,2696,2806,0.961,,
surf_deceptive_final,3,2012,2605,2715,0.959,,
surf_ultimatum,3,2012,1961,2044,0.959,,
surf_zion,3,2012,2421,2540,0.953,,
surf_helium_fix,3,2012,2153,2261,0.952,,
surf_furios,3,2012,2289,2418,0.947,,
surf_s_t_a_t_i_o_n,3,2012,2259,2395,0.943,,
surf_commune_too_beta5,4,2012,2371,2513,0.943,,
surf_classics2,2,2012,3915,4159,0.941,,
surf_two_colour,3,2012,2158,2299,0.939,,
surf_vale2,3,2016,2428,2610,0.93,,
surf_outside,3,2022,1355,1460,0.928,,
surf_driftless,2,2017,2407,2626,0.917,,
surf_commune_again_beta5,3,2012,2233,2458,0.909,,
surf_coralis_ksf,3,2012,2604,2871,0.907,,
surf_forbidden_tomb,4,2012,2631,2900,0.907,,
surf_crystal,3,2012,2313,2551,0.907,,
surf_odyssey,2,2012,2541,2807,0.905,,
surf_ny_advance,3,2012,2365,2614,0.905,,
surf_threnody,3,2023,1558,1730,0.901,,
surf_missing_no,3,2012,2032,2260,0.899,,
surf_creation,3,2012,2481,2765,0.897,,
surf_bumpybusride,3,2023,1151,1286,0.895,,
surf_sc_essence_v2,4,2012,2298,2575,0.892,,
surf_methadone,3,2014,2443,2741,0.891,,
surf_morbid,3,2012,2128,2389,0.891,,
surf_journeys,2,2019,2299,2587,0.889,,
surf_insignia_b1,4,2012,2071,2330,0.889,,
surf_pagoda,3,2018,2137,2418,0.884,,
surf_compulsive_njv_h,4,2012,2056,2328,0.883,,
surf_prosaic,3,2012,2057,2333,0.882,,
surf_kitsune2,3,2015,4297,4884,0.88,,
surf_mesa_aether,3,2014,2196,2508,0.875,,
surf_ezclap,3,2019,2149,2468,0.871,,
surf_velocity,3,2012,2200,2555,0.861,,
surf_diverge,3,2014,2219,2584,0.859,,
surf_asrown,3,2012,2099,2449,0.857,,
surf_lighthouse,3,2014,2390,2792,0.856,,
surf_b_r_o_x_x_x,3,2012,2142,2523,0.849,,
surf_lithium,3,2012,2045,2414,0.847,,
surf_papertown,2,2018,2642,3131,0.844,,
surf_calamity_njv,3,2012,2216,2627,0.844,,
surf_amateur_v2b,3,2012,2164,2571,0.842,,
surf_collaboration,4,2012,2062,2462,0.838,,
surf_swagtoast,3,2015,2286,2744,0.833,,
surf_networked,3,2012,1777,2152,0.826,,
surf_tron_njv,3,2012,1784,2169,0.823,,
surf_friday,3,2016,2200,2704,0.814,,
surf_ebony,2,2020,2327,2876,0.809,,
surf_this_njv,4,2012,2004,2481,0.808,,
surf_palette_fix,3,2012,1921,2382,0.806,,
surf_6,2,2017,2136,2654,0.805,,
surf_auroria_ksf,3,2013,2123,2656,0.799,,
surf_christmas,3,2012,2708,3392,0.798,,
surf_hellenic,3,2023,990,1247,0.794,,
surf_mwag_reloaded,2,2019,2240,2828,0.792,,
surf_quantum_njv,3,2012,1767,2230,0.792,,
surf_torque,3,2012,1937,2445,0.792,,
surf_raqqit,3,2025,451,572,0.788,,
surf_vantica,3,2025,386,495,0.78,,
surf_affliction,2,2025,557,717,0.777,,
surf_color_fix,3,2012,2024,2605,0.777,,
surf_static,3,2012,1911,2465,0.775,,
surf_monolith,3,2025,486,628,0.774,,
surf_luminaris_refix,3,2020,1648,2141,0.77,,
surf_ember2,4,2019,1986,2581,0.77,,
surf_not_so_disaster,2,2018,2425,3150,0.77,,
surf_sky_ages,3,2012,1914,2496,0.767,,
surf_finesse_final,4,2012,1723,2266,0.761,,
surf_paranoid_enigma,3,2012,1729,2279,0.759,,
surf_overgrowth,4,2012,3471,4593,0.756,,
surf_impact,3,2012,1904,2523,0.755,,
surf_parc_colore,3,2012,2494,3316,0.752,,
surf_kvas,2,2023,2140,2858,0.749,,
surf_emerald,4,2025,424,568,0.747,,
surf_proximity_final,3,2012,1875,2511,0.747,,
surf_ataque_final,3,2012,1721,2311,0.745,,
surf_animals_ksf,3,2016,1801,2445,0.737,,
surf_anthropomorphic,3,2012,1881,2565,0.733,,
surf_tropic_ksf,3,2024,726,995,0.73,,
surf_faint_fix,2,2013,2108,2919,0.722,,
surf_sandman_v2,4,2012,2139,2962,0.722,,
surf_fantasy,3,2022,1467,2050,0.715,,
surf_froots_ksf,3,2018,1908,2670,0.714,,
surf_psi_fixed,3,2012,1388,1973,0.704,,
surf_tenacious,3,2012,1672,2377,0.703,,
surf_pure,4,2012,1646,2350,0.701,,
surf_togo,3,2012,1614,2312,0.698,,
surf_sunset,4,2012,1696,2443,0.694,,
surf_not_so_generated,3,2022,1108,1603,0.691,,
surf_sleeper,4,2024,598,867,0.69,,
surf_distraction_v2,3,2012,1800,2615,0.688,,
surf_minigolf_ksf,3,2021,1416,2063,0.686,,
surf_retroartz,3,2012,1668,2438,0.684,,
surf_lodypreview,3,2012,1818,2662,0.683,,
surf_forbidden_tomb2,4,2012,1894,2788,0.679,,
surf_stick,3,2012,1645,2423,0.679,,
surf_insideout_final,3,2012,1591,2346,0.678,,
surf_forbidden_tomb3,4,2012,1894,2806,0.675,,
surf_cubic_ksf,3,2020,1583,2371,0.668,,
surf_destiny_fixed,3,2012,1448,2172,0.667,,
surf_lost2,3,2019,1970,2964,0.665,,
surf_prevail,3,2022,845,1278,0.661,,
surf_resort,3,2016,1613,2447,0.659,,
surf_trapped2,4,2017,1987,3040,0.654,,
surf_wazor_ksf,4,2012,1585,2446,0.648,,
surf_quasar_final,3,2012,1495,2310,0.647,,
surf_kawaii,3,2012,1532,2366,0.647,,
surf_ragequit,4,2012,1565,2431,0.644,,
surf_stonework2,3,2012,1803,2811,0.641,,
surf_qlimax_q,4,2012,1421,2219,0.64,,
surf_twilight_njv,2,2016,1651,2610,0.633,,
surf_blackside,4,2013,1726,2738,0.63,,
surf_nac,3,2015,1663,2655,0.626,,
surf_calamity2,4,2012,1677,2679,0.626,,
surf_kaaba,3,2023,751,1205,0.623,,
surf_banger,3,2021,1182,1909,0.619,,
surf_low_production,3,2018,1393,2272,0.613,,
surf_redemption_b1,4,2012,1426,2362,0.604,,
surf_parrot_selector,3,2012,1448,2403,0.603,,
surf_entropy_finalv2,3,2012,1290,2138,0.603,,
surf_bork_nbv,3,2012,1481,2468,0.6,,
surf_funhouse2,2,2020,1295,2165,0.598,,
surf_quilavar,3,2012,1305,2180,0.598,,
surf_sexplizooimed,4,2012,1548,2603,0.595,,
surf_fruits2,3,2014,2001,3375,0.593,,
surf_sketchy,3,2023,641,1083,0.592,,
surf_stonework,4,2012,1500,2548,0.589,,
surf_bikini_bottom,3,2025,528,900,0.587,,
surf_fast,3,2012,2122,3613,0.587,,
surf_catalyst2,4,2012,1638,2793,0.586,,
surf_aeron,3,2017,1540,2631,0.585,,
surf_awakening,3,2013,1524,2617,0.582,,
surf_blackout,3,2018,1174,2033,0.578,,
surf_cyanide,3,2012,1294,2240,0.578,,
surf_subway,3,2018,1452,2517,0.577,,
surf_sinsane_ez,3,2017,1362,2359,0.577,,
surf_quattro,4,2012,1169,2053,0.569,,
surf_whoknows2,4,2015,1917,3389,0.566,,
surf_gauntlet_final,4,2012,1363,2406,0.566,,
surf_depressing,3,2014,1505,2662,0.565,,
surf_whoknows_ksf,3,2015,1484,2642,0.562,,
surf_slobs,3,2022,889,1584,0.561,,
surf_construction,4,2012,1360,2426,0.561,,
surf_seaside,3,2023,780,1392,0.56,,
surf_a,3,2018,1510,2696,0.56,,
surf_pandemonium_njv,3,2012,1633,2921,0.559,,
surf_slob2_fix,3,2020,987,1768,0.558,,
surf_sc_colours,4,2012,1276,2291,0.557,,
surf_hydrogen,4,2012,1247,2255,0.553,,
surf_sci_fi,3,2014,1271,2301,0.552,,
surf_colony,3,2024,383,701,0.546,,
surf_sh,4,2012,1430,2620,0.546,,
surf_taq,4,2012,1221,2243,0.544,,
surf_diminsion,3,2012,1423,2617,0.544,,
surf_gurus_fix,5,2012,1531,2832,0.541,,
surf_lt_unicorn,4,2015,2169,4023,0.539,,
surf_lost,3,2017,1338,2496,0.536,,
surf_curious,4,2012,1244,2322,0.536,,
surf_junglepics_ksf,4,2012,1105,2064,0.535,,
surf_rubiks_cube,4,2022,965,1809,0.533,,
surf_cosmo,3,2022,870,1634,0.533,,
surf_iceworld,3,2015,1260,2380,0.529,,
surf_frequency_njv,3,2012,1395,2638,0.529,,
surf_pandora,3,2022,957,1817,0.527,,
surf_honour,3,2024,552,1054,0.524,,
surf_beginner_hell,4,2016,1807,3457,0.523,,
surf_milkyway,3,2015,1602,3066,0.522,,
surf_lithium2,4,2012,1220,2357,0.518,,
surf_vector_final,4,2012,1204,2334,0.516,,
surf_pavilion,3,2012,1203,2334,0.515,,
surf_sandstorm2,3,2019,1126,2196,0.513,,
surf_underworld,4,2012,1521,2965,0.513,,
surf_ixtab,4,2012,1316,2571,0.512,,
surf_happyhands3,3,2013,1342,2641,0.508,,
surf_graphia,2,2012,6492,12779,0.508,,
surf_happyhands2,3,2012,1372,2702,0.508,,
surf_compact,3,2012,1204,2381,0.506,,
surf_sentient,4,2015,1131,2252,0.502,,
surf_auroria2,4,2013,1384,2767,0.5,,
surf_lolrevlis2,3,2012,1076,2152,0.5,,
surf_be_gentle,3,2017,1228,2465,0.498,,
surf_loves_spliff,4,2012,1243,2495,0.498,,
surf_halloween_fix,4,2012,1181,2371,0.498,,
surf_stagejuan_ksf,3,2013,1218,2462,0.495,,
surf_wasteland,3,2021,1055,2154,0.49,,
surf_prosperity_v2,4,2012,1137,2337,0.486,,
surf_muerto,5,2024,412,851,0.484,,
surf_sewers,4,2012,1089,2270,0.48,,
surf_firedancer,4,2025,303,638,0.475,,
surf_fuckyall,4,2023,717,1510,0.475,,
surf_divided_fix,4,2012,1167,2455,0.475,,
surf_petrus,3,2018,966,2059,0.469,,
surf_discovery,4,2012,1192,2543,0.469,,
surf_unraveled,3,2020,980,2101,0.467,,
surf_sandbrick,3,2019,958,2062,0.465,,
surf_lepidus,4,2012,1104,2383,0.463,,
surf_airflow,4,2013,1525,3308,0.461,,
surf_disappointed,5,2026,69,150,0.46,,
surf_sensation_fix,4,2012,1032,2243,0.46,,
surf_morbid2,4,2023,511,1119,0.457,,
surf_inrage,3,2012,987,2159,0.457,,
surf_cavemissile_fix,3,2019,1108,2436,0.455,,
surf_take1,3,2017,936,2061,0.454,,
surf_legendary,5,2012,1609,3541,0.454,,
surf_sempar_njv,4,2012,1086,2395,0.453,,
surf_orbion,4,2012,1046,2313,0.452,,
surf_gekar,4,2018,1125,2495,0.451,,
surf_depths,3,2014,1263,2802,0.451,,
surf_hyper,4,2012,975,2161,0.451,,
surf_stickybutt_alpha,3,2012,1026,2281,0.45,,
surf_eryr,4,2017,1203,2677,0.449,,
surf_catalyst,4,2012,1056,2353,0.449,,
surf_elixor,3,2013,1147,2567,0.447,,
surf_collection_njv,3,2012,1152,2585,0.446,,
surf_autosave_fix,5,2025,284,639,0.445,,
surf_kismet,2,2022,909,2042,0.445,,
surf_leesriize_ksf,3,2020,1132,2555,0.443,,
surf_wizard,3,2017,1208,2727,0.443,,
surf_not_quite_goliath,3,2023,495,1120,0.442,,
surf_sluice_final,4,2013,1445,3280,0.44,,
surf_torque2,3,2012,1192,2717,0.439,,
surf_life_of_cow,3,2018,1109,2530,0.438,,
surf_wicked,3,2022,837,1914,0.437,,
surf_minimumwage,3,2019,875,2001,0.437,,
surf_mash-up,3,2012,1267,2914,0.435,,
surf_loweffort2,5,2024,364,842,0.433,,
surf_fractal,3,2022,758,1757,0.431,,
surf_industries,3,2012,1200,2786,0.431,,
surf_sunday,4,2020,1066,2484,0.429,,
surf_theme,4,2020,1073,2504,0.429,,
surf_frey2_ksf,3,2022,647,1511,0.428,,
surf_beyer2,4,2014,1740,4065,0.428,,
surf_simpsons2,3,2024,396,932,0.425,,
surf_midsommar,3,2020,938,2205,0.425,,
surf_serenity,3,2017,1118,2630,0.425,,
surf_rst,4,2018,1027,2421,0.424,,
surf_symbiosis,4,2013,1018,2405,0.423,,
surf_memories,4,2018,883,2091,0.422,,
surf_parrot_selector_h,4,2012,862,2041,0.422,,
surf_interceptor,4,2012,1088,2579,0.422,,
surf_savant_njv,4,2012,1030,2443,0.422,,
surf_koa,4,2015,1095,2598,0.421,,
surf_exogenesis,3,2012,995,2365,0.421,,
surf_slate,4,2024,412,982,0.419,,
surf_resource,4,2017,1260,3006,0.419,,
surf_cement,4,2020,1553,3727,0.417,,
surf_zoomboys,3,2019,895,2156,0.415,,
surf_quickie_fix,4,2018,1335,3225,0.414,,
surf_elysium,5,2013,1878,4540,0.414,,
surf_prolix_fix,4,2012,916,2217,0.413,,
surf_sinner_ksf,3,2023,604,1472,0.41,,
surf_frus_njv,3,2025,157,385,0.408,,
surf_fabas,4,2020,872,2148,0.406,,
surf_roman_v2,3,2017,931,2294,0.406,,
surf_dhyana,3,2018,961,2370,0.405,,
surf_the_internet,3,2023,610,1510,0.404,,
surf_excavation,5,2024,524,1301,0.403,,
surf_hope,4,2017,1114,2766,0.403,,
surf_barbies_malibu_adventure,4,2023,561,1397,0.402,,
surf_4dimensional,4,2014,1005,2501,0.402,,
surf_artifex,4,2012,1138,2845,0.4,,
surf_grotto,4,2020,960,2408,0.399,,
surf_vestige_fix,4,2025,232,584,0.397,,
surf_bnw_njv,3,2019,775,1968,0.394,,
surf_runewords,4,2017,1264,3207,0.394,,
surf_freedom,4,2012,966,2471,0.391,,
surf_zeitgeist,3,2021,829,2127,0.39,,
surf_tempest2,3,2017,912,2341,0.39,,
surf_jizznipples,3,2012,906,2320,0.39,,
surf_forbidden_tomb4,4,2012,1089,2792,0.39,,
surf_tempest,3,2016,975,2504,0.389,,
surf_perforated_restored,3,2012,878,2258,0.389,,
surf_kalium,4,2012,804,2106,0.382,,
surf_ultimate_fix,4,2012,916,2398,0.382,,
surf_excess,4,2025,221,582,0.38,,
surf_undergrowth,3,2022,696,1842,0.378,,
surf_monotony_ksf,4,2021,690,1835,0.376,,
surf_tundra_v2,4,2015,1141,3036,0.376,,
surf_polygon,4,2014,1001,2663,0.376,,
surf_christmas3,3,2023,461,1228,0.375,,
surf_vitamin_e,4,2025,167,448,0.373,,
surf_concretejungle_fix,4,2020,945,2534,0.373,,
surf_highlands,5,2017,2442,6582,0.371,,
surf_misc,5,2012,1232,3318,0.371,,
surf_loweffort,4,2020,770,2080,0.37,,
surf_outra,4,2023,677,1834,0.369,,
surf_executioner,3,2023,656,1782,0.368,,
surf_hob,3,2018,791,2151,0.368,,
surf_x,4,2012,882,2395,0.368,,
surf_torrential,5,2024,299,814,0.367,,
surf_strafe,3,2016,765,2092,0.366,,
surf_ofrenda,3,2023,603,1667,0.362,,
surf_exurbia2,3,2016,798,2215,0.36,,
surf_nemesis,4,2012,894,2491,0.359,,
surf_cozy,4,2021,657,1839,0.357,,
surf_metallic,5,2013,1033,2901,0.356,,
surf_queen_of_the_ween,3,2019,874,2470,0.354,,
surf_jaqen2,3,2017,872,2466,0.354,,
surf_fiellu_ksf,3,2021,1867,5343,0.349,,
surf_calibration,4,2013,966,2779,0.348,,
surf_placid,3,2012,865,2487,0.348,,
surf_ecosystem,3,2014,791,2290,0.345,,
surf_runewords2,4,2018,1020,2991,0.341,,
surf_entropy_hardmode,5,2012,734,2155,0.341,,
surf_exclave_fix,4,2013,821,2424,0.339,,
surf_infamous_ksf,5,2014,808,2395,0.337,,
surf_quartus_ksf,4,2012,756,2242,0.337,,
surf_haze,6,2025,116,345,0.336,,
surf_sippysip,4,2015,885,2632,0.336,,
surf_network_2013,3,2012,673,2010,0.335,,
surf_eternal_beta,4,2012,968,2899,0.334,,
surf_neoteric_retexture,4,2017,991,2979,0.333,,
surf_spaceship_ksf,3,2012,813,2441,0.333,,
surf_core_refix,5,2012,927,2792,0.332,,
surf_eunoia,3,2017,991,3002,0.33,,
surf_elysium2,5,2015,1233,3759,0.328,,
surf_happyhands4,3,2014,752,2291,0.328,,
surf_scarlet_ksf,3,2021,548,1674,0.327,,
surf_blub,4,2012,810,2482,0.326,,
surf_ofsfice,3,2022,460,1414,0.325,,
surf_golden_refix,3,2020,702,2174,0.323,,
surf_beyer,4,2013,883,2755,0.321,,
surf_sexyartz_njv,4,2012,793,2473,0.321,,
surf_freaky,5,2012,782,2433,0.321,,
surf_plethora_fix,3,2012,709,2207,0.321,,
surf_ny_momentum2_ksf,3,2013,765,2393,0.32,,
surf_instantdeath,2,2022,549,1748,0.314,,
surf_acerbus,5,2015,914,2909,0.314,,
surf_metalwall,4,2012,635,2035,0.312,,
surf_antimatter_v2,4,2015,884,2849,0.31,,
surf_exocube_h,5,2012,886,2859,0.31,,
surf_quarantine,4,2020,617,2002,0.308,,
surf_illumination2,4,2017,786,2588,0.304,,
surf_jaqen,4,2016,745,2461,0.303,,
surf_second,3,2016,724,2389,0.303,,
surf_epithet,4,2018,683,2262,0.302,,
surf_inrage2,4,2012,616,2042,0.302,,
surf_disneyland,5,2015,838,2787,0.301,,
surf_mushroom_ksf,3,2014,704,2335,0.301,,
surf_infected,4,2012,663,2203,0.301,,
surf_euphoria,4,2012,839,2787,0.301,,
surf_monkeys2,5,2024,427,1433,0.298,,
surf_proliferation,4,2017,804,2707,0.297,,
surf_enigma,5,2024,249,842,0.296,,
surf_sluice2,4,2021,741,2510,0.295,,
surf_neoplasma_ksf,4,2013,750,2539,0.295,,
surf_nikolo,4,2012,691,2342,0.295,,
surf_zbig2,3,2018,614,2091,0.294,,
surf_metalpipes,4,2025,182,622,0.293,,
surf_rise,3,2024,338,1161,0.291,,
surf_technique,5,2017,917,3151,0.291,,
surf_elysium3,5,2016,1049,3600,0.291,,
surf_sirius,3,2022,543,1892,0.287,,
surf_ambient_njv,4,2012,737,2567,0.287,,
surf_sunset2_fix,4,2012,686,2390,0.287,,
surf_trapped,5,2016,863,3037,0.284,,
surf_apollonian,4,2012,873,3070,0.284,,
surf_rez2,4,2018,657,2326,0.282,,
surf_arghmyeyes_retexture,3,2012,661,2343,0.282,,
surf_skill8,4,2012,704,2495,0.282,,
surf_christmas2,3,2016,816,2901,0.281,,
surf_lolrevlis,5,2012,682,2429,0.281,,
surf_overgrowth2,4,2014,1195,4267,0.28,,
surf_efficacy,4,2012,639,2282,0.28,,
surf_radiant,4,2024,666,2392,0.278,,
surf_rustic_v2,4,2013,629,2312,0.272,,
surf_tormentor,6,2025,187,689,0.271,,
surf_spacemonkeys,5,2025,208,769,0.271,,
surf_reactor,3,2017,566,2095,0.27,,
surf_intense_ksf,4,2015,594,2202,0.27,,
surf_grid_ksf,5,2022,421,1565,0.269,,
surf_sequoia_fix,3,2020,514,1920,0.268,,
surf_tycho_fix,5,2021,585,2192,0.267,,
surf_cannonball,4,2020,1539,5753,0.267,,
surf_sanguine,3,2020,722,2706,0.267,,
surf_ben10,3,2024,321,1212,0.265,,
surf_tronia_refix,3,2013,728,2750,0.265,,
surf_selenka,5,2019,545,2064,0.264,,
surf_salmari,4,2024,268,1020,0.263,,
surf_izded,5,2017,750,2875,0.261,,
surf_tempest4,4,2024,269,1051,0.256,,
surf_jitterbug,6,2025,90,352,0.255,,
surf_psychedelia,3,2020,514,2019,0.255,,
surf_like_this,3,2020,566,2217,0.255,,
surf_crank,3,2025,136,535,0.254,,
surf_masonry,4,2012,589,2320,0.254,,
surf_santorini2,4,2023,350,1386,0.253,,
surf_sylvan,3,2020,570,2249,0.253,,
surf_bonk,4,2022,421,1686,0.25,,
surf_android_ksf,5,2017,638,2554,0.25,,
surf_nocturn,4,2022,400,1620,0.247,,
surf_stonework3,5,2014,873,3566,0.245,,
surf_sinister_evil,6,2013,1435,5858,0.245,,
surf_era,3,2024,212,869,0.244,,
surf_syria_again,6,2012,1126,4628,0.243,,
surf_jive,4,2023,291,1202,0.242,,
surf_serenity2,4,2021,472,1948,0.242,,
surf_nyze,5,2015,748,3086,0.242,,
surf_ghost_busters,4,2012,707,2924,0.242,,
surf_inferno,4,2020,582,2413,0.241,,
surf_illumination,4,2014,630,2617,0.241,,
surf_rands,4,2013,845,3518,0.24,,
surf_treefort,5,2012,788,3277,0.24,,
surf_25_lighters,4,2015,634,2650,0.239,,
surf_inner,3,2020,429,1812,0.237,,
surf_helloworld,5,2020,653,2752,0.237,,
surf_z,5,2015,661,2795,0.237,,
surf_deteriorate,3,2022,327,1397,0.234,,
surf_chateau_fix,4,2018,572,2448,0.234,,
surf_alend,4,2018,458,1956,0.234,,
surf_timewarp,5,2012,659,2823,0.233,,
surf_diamond_beta1,5,2012,615,2660,0.231,,
surf_shoria,5,2018,633,2747,0.23,,
surf_brodderlands,4,2021,413,1802,0.229,,
surf_kalium2,4,2012,486,2130,0.228,,
surf_fire_eye,4,2020,415,1839,0.226,,
surf_jagerbomb,4,2023,338,1509,0.224,,
surf_flatliners,3,2017,448,1998,0.224,,
surf_mephobia_final,4,2015,536,2396,0.224,,
surf_exile,6,2012,759,3392,0.224,,
surf_adventure_final,4,2016,553,2486,0.222,,
surf_primero_fix,5,2012,666,3030,0.22,,
surf_trihard,4,2017,566,2583,0.219,,
surf_stonework4,6,2017,1145,5241,0.218,,
surf_the_distance,5,2012,693,3175,0.218,,
surf_prismatic_ksf,3,2022,289,1338,0.216,,
surf_extremex2_5,5,2012,599,2779,0.216,,
surf_kira,5,2024,134,622,0.215,,
surf_fortress_ksf,4,2021,388,1814,0.214,,
surf_anything,4,2020,465,2173,0.214,,
surf_not_so_quick,4,2018,596,2782,0.214,,
surf_pancake,4,2016,478,2238,0.214,,
surf_tequila,4,2022,398,1871,0.213,,
surf_y,4,2013,659,3099,0.213,,
surf_oddworld,4,2022,382,1810,0.211,,
surf_innokia,6,2019,606,2892,0.21,,
surf_insects,5,2025,82,392,0.209,,
surf_dova,5,2018,429,2065,0.208,,
surf_board_this_fix,4,2024,181,872,0.207,,
surf_garden_h,6,2019,561,2727,0.206,,
surf_lax,4,2019,553,2692,0.205,,
surf_salient,5,2015,656,3208,0.205,,
surf_nostromo,5,2015,589,2870,0.205,,
surf_happyhands5,3,2020,404,1984,0.204,,
surf_smol,5,2023,237,1166,0.203,,
surf_desolate,4,2015,585,2886,0.203,,
surf_tensor,4,2022,341,1723,0.198,,
surf_goldarn,4,2014,417,2118,0.197,,
surf_elysium4,5,2019,666,3399,0.196,,
surf_loentra,5,2012,611,3116,0.196,,
surf_volcanic,4,2018,449,2298,0.195,,
surf_pogchamp,3,2018,396,2057,0.193,,
surf_yellow,3,2021,334,1738,0.192,,
surf_axil,4,2020,360,1875,0.192,,
surf_seraph,5,2015,460,2394,0.192,,
surf_infected_h,5,2012,379,1977,0.192,,
surf_forsaken,5,2022,303,1586,0.191,,
surf_hyper2,4,2020,353,1862,0.19,,
surf_panta_rhei,5,2025,106,563,0.188,,
surf_nesquik,5,2019,755,4026,0.188,,
surf_bluewinter,3,2015,487,2591,0.188,,
surf_cordelia,4,2015,452,2401,0.188,,
surf_minecraft_fix,5,2012,520,2772,0.188,,
surf_again_njv,5,2012,405,2179,0.186,,
surf_dynamics_fixed,5,2012,443,2397,0.185,,
surf_unreal_njv,4,2012,477,2582,0.185,,
surf_selenka2,5,2024,201,1096,0.183,,
surf_hades,6,2016,1092,6010,0.182,,
surf_tronic_njv,5,2012,809,4435,0.182,,
surf_earthmover,6,2024,214,1181,0.181,,
surf_mudkip,4,2017,449,2480,0.181,,
surf_sidelines,6,2024,231,1289,0.179,,
surf_warped,4,2019,420,2357,0.178,,
surf_secluded,4,2020,337,1916,0.176,,
surf_solace,6,2020,932,5336,0.175,,
surf_techsune_css,4,2022,207,1199,0.173,,
surf_marbleblast_intermediate,3,2019,312,1807,0.173,,
surf_aux,4,2013,382,2250,0.17,,
surf_whoknows3,4,2018,412,2443,0.169,,
surf_crush,5,2017,373,2205,0.169,,
surf_antimatter2,5,2021,293,1746,0.168,,
surf_silent,7,2025,42,252,0.167,,
surf_thesteve,6,2021,544,3255,0.167,,
surf_sinister2,6,2016,647,3932,0.165,,
surf_breach,5,2024,146,889,0.164,,
surf_nightmare,5,2012,640,3895,0.164,,
surf_unreal2,5,2012,430,2622,0.164,,
surf_chromatic,6,2025,273,1673,0.163,,
surf_infrared,4,2022,255,1573,0.162,,
surf_ab,5,2025,138,865,0.16,,
surf_sacrifice,4,2020,367,2296,0.16,,
surf_dread,6,2025,86,541,0.159,,
surf_hero,5,2018,439,2766,0.159,,
surf_triggered_fix,4,2018,323,2045,0.158,,
surf_salient2,5,2017,412,2614,0.158,,
surf_treespam,6,2014,518,3272,0.158,,
surf_666,6,2016,1789,11414,0.157,,
surf_runewords2_lod,4,2020,366,2343,0.156,,
surf_oompa2,4,2017,316,2026,0.156,,
surf_lab,4,2016,351,2245,0.156,,
surf_ori_l,3,2016,367,2348,0.156,,
surf_chungus_fungus,6,2023,269,1736,0.155,,
surf_cavity,4,2024,137,897,0.153,,
surf_transient,5,2016,398,2625,0.152,,
surf_huh,3,2019,337,2238,0.151,,
surf_constrictor_remix,4,2021,213,1418,0.15,,
surf_castlewalls,5,2023,177,1198,0.148,,
surf_delta,4,2017,334,2253,0.148,,
surf_greenhouse,4,2018,289,2028,0.143,,
surf_gloomy,6,2021,318,2270,0.14,,
surf_map_njv,5,2012,401,2871,0.14,,
surf_dune,7,2025,91,654,0.139,,
surf_theunexpected,3,2021,232,1695,0.137,,
surf_royal_fix,6,2012,550,4059,0.135,,
surf_eryr2_fix,5,2018,382,2857,0.134,,
surf_marah,6,2015,398,2966,0.134,,
surf_kartune,6,2025,97,729,0.133,,
surf_antagonist,7,2024,208,1569,0.133,,
surf_paradigm,4,2021,249,1892,0.132,,
surf_crucible,5,2024,129,987,0.131,,
surf_fungus,4,2020,281,2168,0.13,,
surf_conserve,5,2018,250,1926,0.13,,
surf_strike,5,2019,251,1951,0.129,,
surf_brutalist,5,2016,342,2652,0.129,,
surf_endeavor,4,2023,163,1296,0.126,,
surf_bugs,6,2022,413,3285,0.126,,
surf_angst,4,2022,253,2011,0.126,,
surf_celestial,5,2020,266,2153,0.124,,
surf_hollow,5,2018,309,2502,0.124,,
surf_santorini3,6,2024,135,1110,0.122,,
surf_clavius,5,2018,307,2517,0.122,,
surf_synada,4,2018,259,2143,0.121,,
surf_chasm,4,2018,256,2136,0.12,,
surf_germania,5,2018,317,2632,0.12,,
surf_skill8_h,5,2012,281,2347,0.12,,
surf_banana_fix,4,2022,192,1607,0.119,,
surf_zeonine,4,2019,254,2130,0.119,,
surf_dionysus,5,2012,267,2247,0.119,,
surf_shady_h,4,2022,140,1182,0.118,,
surf_drifting,4,2018,289,2450,0.118,,
surf_consistenza_diversa,4,2021,195,1673,0.117,,
surf_monkeys,6,2024,172,1488,0.116,,
surf_whynot,6,2020,311,2680,0.116,,
surf_axiom,4,2018,792,6899,0.115,,
surf_damnation,5,2023,231,2040,0.113,,
surf_remeanian,5,2022,220,1939,0.113,,
surf_facility,4,2017,701,6177,0.113,,
surf_medley_fix,4,2023,239,2142,0.112,,
surf_assail,5,2022,330,2958,0.112,,
surf_jusched_beta1,6,2012,366,3266,0.112,,
surf_technical,5,2025,74,669,0.111,,
surf_eon_fix,5,2016,344,3103,0.111,,
surf_aphelion,5,2022,207,1920,0.108,,
surf_angelina,6,2025,77,719,0.107,,
surf_polonia,5,2020,241,2277,0.106,,
surf_zen,6,2017,424,3982,0.106,,
surf_limbo,4,2021,189,1797,0.105,,
surf_feudal,6,2020,219,2107,0.104,,
surf_lowestbidder,5,2021,148,1464,0.101,,
surf_happyhug,4,2019,278,2751,0.101,,
surf_looksmodern,6,2013,293,2910,0.101,,
surf_revolution_fix,5,2020,292,2944,0.099,,
surf_hektik,4,2021,184,1877,0.098,,
surf_kultur,6,2022,208,2140,0.097,,
surf_zen2,7,2018,430,4452,0.097,,
surf_north,6,2022,138,1442,0.096,,
surf_damn,5,2017,228,2385,0.096,,
surf_our,5,2018,447,4718,0.095,,
surf_adrift_fix,4,2023,122,1304,0.094,,
surf_atonement,6,2024,124,1333,0.093,,
surf_prosurf,7,2023,268,2870,0.093,,
surf_intra,5,2020,197,2130,0.092,,
surf_jumble,6,2019,231,2500,0.092,,
surf_kairo,5,2018,340,3693,0.092,,
surf_perihelion,6,2023,148,1630,0.091,,
surf_crush2,6,2021,180,1972,0.091,,
surf_cinnamon_fix,5,2018,199,2190,0.091,,
surf_autonomy,6,2021,185,2075,0.089,,
surf_pyzire_retexture,4,2020,322,3632,0.089,,
surf_map_h,6,2012,242,2760,0.088,,
surf_vienna,4,2021,157,1831,0.086,,
surf_salvation,5,2020,160,1872,0.085,,
surf_antagonist2,8,2025,47,563,0.083,,
surf_gary_barlow,5,2022,112,1374,0.082,,
surf_edge,6,2016,226,2806,0.081,,
surf_hades2,7,2019,742,9442,0.079,,
surf_lt_omnific,6,2012,739,9530,0.078,,
surf_epiphany,6,2019,295,3841,0.077,,
surf_mdrn,5,2017,385,5177,0.074,,
surf_techslop,7,2025,52,717,0.073,,
surf_rewind,5,2023,107,1462,0.073,,
surf_shambles,4,2020,141,1924,0.073,,
surf_spectra,7,2019,285,4207,0.068,,
surf_embrace,6,2021,144,2139,0.067,,
surf_vacant,7,2024,125,1964,0.064,,
surf_froots2,5,2019,168,2612,0.064,,
surf_hardline,7,2023,111,1769,0.063,,
surf_valpect,6,2015,231,3763,0.061,,
surf_expel,6,2025,39,652,0.06,,
surf_whynot2,7,2022,117,2070,0.057,,
surf_sinsane_ksf,6,2013,399,7147,0.056,,
surf_amaro,6,2017,149,3025,0.049,,
surf_ruse,7,2024,123,2586,0.048,,
surf_offskill,7,2022,70,1458,0.048,,
surf_weirdcore,6,2025,25,527,0.047,,
surf_diet_mountain_dew,6,2024,49,1077,0.046,,
surf_shibboleth,7,2023,102,2289,0.045,,
surf_replicant,6,2020,106,2345,0.045,,
surf_doomsday,8,2025,47,1106,0.043,,
surf_crimson,6,2020,95,2225,0.043,,
surf_drift,5,2019,111,2722,0.041,,
surf_polytron,5,2022,68,1701,0.04,,
surf_twist,7,2024,43,1133,0.038,,
surf_disaster,6,2020,87,2347,0.037,,
surf_stitched,6,2020,85,2343,0.036,,
surf_shodan,7,2019,157,4407,0.036,,
surf_vast,7,2017,168,4625,0.036,,
surf_devil,7,2019,195,5502,0.035,,
surf_starvald,7,2025,61,1803,0.034,,
surf_shade,7,2021,73,2309,0.032,,
surf_goliath,7,2017,266,8405,0.032,,
surf_original,7,2020,66,2200,0.03,,
surf_nsz_fix,7,2018,147,4873,0.03,,
surf_olivia,7,2025,41,1412,0.029,,
surf_topology,7,2024,33,1148,0.029,,
surf_tensor2,8,2023,107,3685,0.029,,
surf_not_so_prosurf,7,2023,42,1554,0.027,,
surf_exonic,7,2021,91,3430,0.027,,
surf_helljumper,7,2024,37,1436,0.026,,
surf_sidistic,7,2024,28,1081,0.026,,
surf_pls,7,2019,112,4388,0.026,,
surf_raphaello,7,2019,103,4047,0.025,,
surf_gigapede,7,2023,76,4138,0.018,,
surf_deity_ksf,8,2021,45,2737,0.016,,
surf_joutsenlaulu,8,2025,10,851,0.012,,
surf_corruption,8,2020,70,6022,0.012,,
surf_sinsane2,8,2019,52,4682,0.011,,
surf_anubis_ksf,8,2021,22,3637,0.006,,